<!DOCTYPE log4j:configuration SYSTEM "log4j.dtd">
<log4j:configuration debug="true" xmlns:log4j='http://jakarta.apache.org/log4j/'>

    <appender name="console" class="org.apache.log4j.ConsoleAppender">
        <param name="Target" value="System.out"/>
        <layout class="org.apache.log4j.PatternLayout">
            <param name="ConversionPattern" value="%m%n" />
        </layout>
    </appender>
    <logger name="com.azure.core" additivity="true">
        <level value="ERROR" />
        <appender-ref ref="console" />
    </logger>

    <root>
        <priority value ="info" />
        <appender-ref ref="console" />
    </root>

</log4j:configuration>